scenario,elapsed_ns,allocated_bytes,value
same-pass,136700,2680,1803
same-pass,192200,2680,1803
same-pass,154800,2680,1803
same-pass,143500,2680,1803
same-pass,240600,2680,1803
same-pass,178200,2680,1803
same-pass,137200,2680,1803
same-pass,181600,2680,1803
same-pass,132900,2680,1803
same-pass,179400,2680,1803
same-pass,149200,2680,1803
same-pass,133600,2680,1803
same-pass,159000,2680,1803
same-pass,185100,2680,1803
same-pass,159000,2680,1803
same-pass,138600,2680,1803
same-pass,175000,2680,1803
same-pass,128000,2680,1803
same-pass,135900,2680,1803
same-pass,146400,2680,1803
same-pass,133000,2680,1803
same-pass,275700,2680,1803
same-pass,144800,2680,1803
same-pass,138600,2680,1803
same-pass,203500,2680,1803
same-pass,198100,2680,1803
same-pass,147400,2680,1803
same-pass,191800,2680,1803
same-pass,202600,2680,1803
same-pass,144600,2680,1803
native-exporter,4414100,62160,776
native-exporter,3942000,62160,776
native-exporter,5071000,62160,776
native-exporter,3477400,62160,776
native-exporter,3188900,62160,776
native-exporter,3506700,62160,776
native-exporter,3539000,62160,776
native-exporter,3255700,62160,776
native-exporter,3650200,62160,776
native-exporter,3133100,62160,776
native-exporter,4538800,62160,776
native-exporter,4285000,62160,776
native-exporter,3479300,62160,776
native-exporter,3757000,62160,776
native-exporter,3497700,62160,776
native-exporter,5815100,62544,776
native-exporter,3401300,62160,776
native-exporter,5518100,62544,776
native-exporter,4329800,62160,776
native-exporter,3519400,62160,776
native-exporter,3653700,62160,776
native-exporter,3277200,62160,776
native-exporter,3712000,62160,776
native-exporter,3281800,62160,776
native-exporter,3425200,62160,776
native-exporter,6061500,62544,776
native-exporter,4657700,62160,776
native-exporter,5071400,62160,776
native-exporter,6027600,62544,776
native-exporter,3769300,62160,776
image-load,24807300,65080,11
image-load,24291200,65080,11
image-load,27131000,65080,11
image-load,24675500,65080,11
image-load,31891500,65080,11
image-load,23692800,65080,11
image-load,24573000,65080,11
image-load,25997300,65080,11
image-load,24862300,65080,11
image-load,24685600,65080,11
image-load,26880800,65080,11
image-load,32573400,65080,11
image-load,23788600,65080,11
image-load,27219600,65080,11
image-load,27059900,65080,11
image-load,24397300,65080,11
image-load,27478200,65080,11
image-load,26841200,65080,11
image-load,33367600,65080,11
image-load,28395000,65080,11
image-load,26569100,65080,11
image-load,26005700,65080,11
image-load,25708800,65080,11
image-load,26649600,65080,11
image-load,27950300,65080,11
image-load,25037200,65080,11
image-load,26204100,65080,11
image-load,25556400,65080,11
image-load,24997100,65080,11
image-load,24536300,65080,11
