Method,Job,AnalyzeLaunchVariance,EvaluateOverhead,MaxAbsoluteError,MaxRelativeError,MinInvokeCount,MinIterationTime,OutlierMode,Affinity,EnvironmentVariables,Jit,Platform,PowerPlanMode,Runtime,AllowVeryLargeObjects,Concurrent,CpuGroups,Force,HeapAffinitizeMask,HeapCount,NoAffinitize,RetainVm,Server,Arguments,BuildConfiguration,Clock,EngineFactory,NuGetReferences,Toolchain,IsMutator,InvocationCount,IterationCount,IterationTime,LaunchCount,MaxIterationCount,MaxWarmupIterationCount,MemoryRandomization,MinIterationCount,MinWarmupIterationCount,RunStrategy,UnrollFactor,WarmupCount,Mean,Error,StdDev,Median,Ratio,RatioSD,Gen 0,Gen 1,Gen 2,Allocated
WarmStaticFieldAccess,DefaultJob,False,Default,Default,Default,Default,Default,Default,11111111111111111111,Empty,RyuJit,X64,8c5e7fda-e8bf-4a96-9a85-a6e23a8c635c,.NET 11.0,False,True,False,True,Default,Default,False,False,False,Default,Default,Default,Default,Default,Default,Default,1,Default,Default,Default,Default,Default,Default,Default,Default,Default,16,Default,0.8406 ns,0.0575 ns,0.0878 ns,0.8200 ns,1.00,0.00,0.0000,0.0000,0.0000,0 B
RebuildNativeResourceGraph,DefaultJob,False,Default,Default,Default,Default,Default,Default,11111111111111111111,Empty,RyuJit,X64,8c5e7fda-e8bf-4a96-9a85-a6e23a8c635c,.NET 11.0,False,True,False,True,Default,Default,False,False,False,Default,Default,Default,Default,Default,Default,Default,1,Default,Default,Default,Default,Default,Default,Default,Default,Default,16,Default,"38,028.3473 ns","1,323.3213 ns","3,688.8909 ns","37,606.8954 ns","48,941.97","5,602.83",4.6387,0.4883,0.0000,"58,720 B"
SerializeRootOnly,DefaultJob,False,Default,Default,Default,Default,Default,Default,11111111111111111111,Empty,RyuJit,X64,8c5e7fda-e8bf-4a96-9a85-a6e23a8c635c,.NET 11.0,False,True,False,True,Default,Default,False,False,False,Default,Default,Default,Default,Default,Default,Default,1,Default,Default,Default,Default,Default,Default,Default,Default,Default,16,Default,669.8182 ns,13.2021 ns,25.7496 ns,670.0240 ns,800.33,95.59,0.0496,0.0000,0.0000,624 B
CopyManualCanonicalBundle,DefaultJob,False,Default,Default,Default,Default,Default,Default,11111111111111111111,Empty,RyuJit,X64,8c5e7fda-e8bf-4a96-9a85-a6e23a8c635c,.NET 11.0,False,True,False,True,Default,Default,False,False,False,Default,Default,Default,Default,Default,Default,Default,1,Default,Default,Default,Default,Default,Default,Default,Default,Default,16,Default,67.6761 ns,2.7475 ns,8.0146 ns,66.1089 ns,82.45,11.55,0.0745,0.0000,0.0000,936 B
CreateSupportedBundle,DefaultJob,False,Default,Default,Default,Default,Default,Default,11111111111111111111,Empty,RyuJit,X64,8c5e7fda-e8bf-4a96-9a85-a6e23a8c635c,.NET 11.0,False,True,False,True,Default,Default,False,False,False,Default,Default,Default,Default,Default,Default,Default,1,Default,Default,Default,Default,Default,Default,Default,Default,Default,16,Default,"36,470.9788 ns","1,132.2885 ns","3,193.6397 ns","36,816.2926 ns","41,455.91","4,288.59",4.8828,0.4883,0.0000,"63,216 B"
ParseSupportedBundle,DefaultJob,False,Default,Default,Default,Default,Default,Default,11111111111111111111,Empty,RyuJit,X64,8c5e7fda-e8bf-4a96-9a85-a6e23a8c635c,.NET 11.0,False,True,False,True,Default,Default,False,False,False,Default,Default,Default,Default,Default,Default,Default,1,Default,Default,Default,Default,Default,Default,Default,Default,Default,16,Default,"32,754.8174 ns",431.2829 ns,403.4223 ns,"32,658.9963 ns","37,800.32","3,907.11",4.6387,2.1973,0.0000,"58,496 B"
CompileCorvusFromBundle,DefaultJob,False,Default,Default,Default,Default,Default,Default,11111111111111111111,Empty,RyuJit,X64,8c5e7fda-e8bf-4a96-9a85-a6e23a8c635c,.NET 11.0,False,True,False,True,Default,Default,False,False,False,Default,Default,Default,Default,Default,Default,Default,1,Default,Default,Default,Default,Default,Default,Default,Default,Default,16,Default,414.3352 ns,20.8854 ns,60.5923 ns,412.0672 ns,463.25,54.92,0.2766,0.0019,0.0000,"3,472 B"
NativeValid,DefaultJob,False,Default,Default,Default,Default,Default,Default,11111111111111111111,Empty,RyuJit,X64,8c5e7fda-e8bf-4a96-9a85-a6e23a8c635c,.NET 11.0,False,True,False,True,Default,Default,False,False,False,Default,Default,Default,Default,Default,Default,Default,1,Default,Default,Default,Default,Default,Default,Default,Default,Default,16,Default,"16,786.9795 ns",789.8820 ns,"2,253.5779 ns","16,438.6306 ns","20,877.00","2,700.35",1.4648,0.0000,0.0000,"19,641 B"
NativeInvalid,DefaultJob,False,Default,Default,Default,Default,Default,Default,11111111111111111111,Empty,RyuJit,X64,8c5e7fda-e8bf-4a96-9a85-a6e23a8c635c,.NET 11.0,False,True,False,True,Default,Default,False,False,False,Default,Default,Default,Default,Default,Default,Default,1,Default,Default,Default,Default,Default,Default,Default,Default,Default,16,Default,"19,560.4719 ns",485.9884 ns,"1,386.5523 ns","19,210.2601 ns","23,253.00","3,012.19",1.9531,0.0000,0.0000,"25,458 B"
ParsedBundleValid,DefaultJob,False,Default,Default,Default,Default,Default,Default,11111111111111111111,Empty,RyuJit,X64,8c5e7fda-e8bf-4a96-9a85-a6e23a8c635c,.NET 11.0,False,True,False,True,Default,Default,False,False,False,Default,Default,Default,Default,Default,Default,Default,1,Default,Default,Default,Default,Default,Default,Default,Default,Default,16,Default,"17,254.7141 ns",566.3088 ns,"1,651.9495 ns","16,952.1445 ns","20,117.34","3,592.28",1.9531,0.0000,0.0000,"24,818 B"
ParsedBundleInvalid,DefaultJob,False,Default,Default,Default,Default,Default,Default,11111111111111111111,Empty,RyuJit,X64,8c5e7fda-e8bf-4a96-9a85-a6e23a8c635c,.NET 11.0,False,True,False,True,Default,Default,False,False,False,Default,Default,Default,Default,Default,Default,Default,1,Default,Default,Default,Default,Default,Default,Default,Default,Default,16,Default,"19,948.4429 ns",606.0476 ns,"1,729.0879 ns","19,408.4722 ns","26,062.97","2,705.71",2.4414,0.0000,0.0000,"32,579 B"
CorvusBundleValid,DefaultJob,False,Default,Default,Default,Default,Default,Default,11111111111111111111,Empty,RyuJit,X64,8c5e7fda-e8bf-4a96-9a85-a6e23a8c635c,.NET 11.0,False,True,False,True,Default,Default,False,False,False,Default,Default,Default,Default,Default,Default,Default,1,Default,Default,Default,Default,Default,Default,Default,Default,Default,16,Default,244.9972 ns,8.3697 ns,24.5467 ns,241.4444 ns,311.39,33.70,0.0134,0.0000,0.0000,168 B
CorvusBundleInvalid,DefaultJob,False,Default,Default,Default,Default,Default,Default,11111111111111111111,Empty,RyuJit,X64,8c5e7fda-e8bf-4a96-9a85-a6e23a8c635c,.NET 11.0,False,True,False,True,Default,Default,False,False,False,Default,Default,Default,Default,Default,Default,Default,1,Default,Default,Default,Default,Default,Default,Default,Default,Default,16,Default,288.4117 ns,13.2926 ns,37.4921 ns,291.2127 ns,329.48,83.95,0.0134,0.0000,0.0000,168 B
