Method,Job,AnalyzeLaunchVariance,EvaluateOverhead,MaxAbsoluteError,MaxRelativeError,MinInvokeCount,MinIterationTime,OutlierMode,Affinity,EnvironmentVariables,Jit,Platform,PowerPlanMode,Runtime,AllowVeryLargeObjects,Concurrent,CpuGroups,Force,HeapAffinitizeMask,HeapCount,NoAffinitize,RetainVm,Server,Arguments,BuildConfiguration,Clock,EngineFactory,NuGetReferences,Toolchain,IsMutator,InvocationCount,IterationCount,IterationTime,LaunchCount,MaxIterationCount,MaxWarmupIterationCount,MemoryRandomization,MinIterationCount,MinWarmupIterationCount,RunStrategy,UnrollFactor,WarmupCount,Mean,Error,StdDev,Ratio,RatioSD,Gen 0,Gen 1,Gen 2,Allocated
WarmStaticFieldAccess,ShortRun,False,Default,Default,Default,Default,Default,Default,11111111111111111111,Empty,RyuJit,X64,8c5e7fda-e8bf-4a96-9a85-a6e23a8c635c,.NET 11.0,False,True,False,True,Default,Default,False,False,False,Default,Default,Default,Default,Default,Default,Default,1,3,Default,1,Default,Default,Default,Default,Default,Default,16,3,0.6633 ns,1.0906 ns,0.0598 ns,1.00,0.00,0.0000,0.0000,0.0000,0 B
RebuildNativeResourceGraph,ShortRun,False,Default,Default,Default,Default,Default,Default,11111111111111111111,Empty,RyuJit,X64,8c5e7fda-e8bf-4a96-9a85-a6e23a8c635c,.NET 11.0,False,True,False,True,Default,Default,False,False,False,Default,Default,Default,Default,Default,Default,Default,1,3,Default,1,Default,Default,Default,Default,Default,Default,16,3,"40,050.7877 ns","207,855.8784 ns","11,393.2821 ns","60,677.52","17,001.79",4.6387,1.4648,0.0000,"58,720 B"
SerializeRootOnly,ShortRun,False,Default,Default,Default,Default,Default,Default,11111111111111111111,Empty,RyuJit,X64,8c5e7fda-e8bf-4a96-9a85-a6e23a8c635c,.NET 11.0,False,True,False,True,Default,Default,False,False,False,Default,Default,Default,Default,Default,Default,Default,1,3,Default,1,Default,Default,Default,Default,Default,Default,16,3,626.9299 ns,"1,470.8585 ns",80.6227 ns,952.07,160.15,0.0496,0.0000,0.0000,624 B
CopyManualCanonicalBundle,ShortRun,False,Default,Default,Default,Default,Default,Default,11111111111111111111,Empty,RyuJit,X64,8c5e7fda-e8bf-4a96-9a85-a6e23a8c635c,.NET 11.0,False,True,False,True,Default,Default,False,False,False,Default,Default,Default,Default,Default,Default,Default,1,3,Default,1,Default,Default,Default,Default,Default,Default,16,3,47.9433 ns,118.1180 ns,6.4744 ns,73.27,16.87,0.0746,0.0000,0.0000,936 B
CreateSupportedBundle,ShortRun,False,Default,Default,Default,Default,Default,Default,11111111111111111111,Empty,RyuJit,X64,8c5e7fda-e8bf-4a96-9a85-a6e23a8c635c,.NET 11.0,False,True,False,True,Default,Default,False,False,False,Default,Default,Default,Default,Default,Default,Default,1,3,Default,1,Default,Default,Default,Default,Default,Default,16,3,"41,528.1809 ns","193,451.7203 ns","10,603.7416 ns","63,000.44","16,462.05",4.8828,2.4414,0.0000,"63,216 B"
ParseSupportedBundle,ShortRun,False,Default,Default,Default,Default,Default,Default,11111111111111111111,Empty,RyuJit,X64,8c5e7fda-e8bf-4a96-9a85-a6e23a8c635c,.NET 11.0,False,True,False,True,Default,Default,False,False,False,Default,Default,Default,Default,Default,Default,Default,1,3,Default,1,Default,Default,Default,Default,Default,Default,16,3,"30,362.1695 ns","71,431.1932 ns","3,915.3847 ns","46,032.37","7,014.82",4.6387,2.1973,0.0000,"58,496 B"
CompileCorvusFromBundle,ShortRun,False,Default,Default,Default,Default,Default,Default,11111111111111111111,Empty,RyuJit,X64,8c5e7fda-e8bf-4a96-9a85-a6e23a8c635c,.NET 11.0,False,True,False,True,Default,Default,False,False,False,Default,Default,Default,Default,Default,Default,Default,1,3,Default,1,Default,Default,Default,Default,Default,Default,16,3,306.4259 ns,594.5196 ns,32.5876 ns,467.74,95.98,0.2766,0.0019,0.0000,"3,472 B"
NativeValid,ShortRun,False,Default,Default,Default,Default,Default,Default,11111111111111111111,Empty,RyuJit,X64,8c5e7fda-e8bf-4a96-9a85-a6e23a8c635c,.NET 11.0,False,True,False,True,Default,Default,False,False,False,Default,Default,Default,Default,Default,Default,Default,1,3,Default,1,Default,Default,Default,Default,Default,Default,16,3,"9,693.6298 ns","5,762.0119 ns",315.8353 ns,"14,686.35","1,263.12",1.5259,0.0000,0.0000,"19,641 B"
NativeInvalid,ShortRun,False,Default,Default,Default,Default,Default,Default,11111111111111111111,Empty,RyuJit,X64,8c5e7fda-e8bf-4a96-9a85-a6e23a8c635c,.NET 11.0,False,True,False,True,Default,Default,False,False,False,Default,Default,Default,Default,Default,Default,Default,1,3,Default,1,Default,Default,Default,Default,Default,Default,16,3,"12,694.5641 ns","6,587.8719 ns",361.1035 ns,"19,231.31","1,590.71",2.0142,0.0610,0.0000,"25,458 B"
ParsedBundleValid,ShortRun,False,Default,Default,Default,Default,Default,Default,11111111111111111111,Empty,RyuJit,X64,8c5e7fda-e8bf-4a96-9a85-a6e23a8c635c,.NET 11.0,False,True,False,True,Default,Default,False,False,False,Default,Default,Default,Default,Default,Default,Default,1,3,Default,1,Default,Default,Default,Default,Default,Default,16,3,"14,317.1873 ns","34,507.2977 ns","1,891.4614 ns","21,658.37","2,866.46",1.9531,0.0610,0.0000,"24,818 B"
ParsedBundleInvalid,ShortRun,False,Default,Default,Default,Default,Default,Default,11111111111111111111,Empty,RyuJit,X64,8c5e7fda-e8bf-4a96-9a85-a6e23a8c635c,.NET 11.0,False,True,False,True,Default,Default,False,False,False,Default,Default,Default,Default,Default,Default,Default,1,3,Default,1,Default,Default,Default,Default,Default,Default,16,3,"23,792.2989 ns","132,215.0892 ns","7,247.1552 ns","36,023.91","10,656.30",2.5635,0.1221,0.0000,"32,578 B"
CorvusBundleValid,ShortRun,False,Default,Default,Default,Default,Default,Default,11111111111111111111,Empty,RyuJit,X64,8c5e7fda-e8bf-4a96-9a85-a6e23a8c635c,.NET 11.0,False,True,False,True,Default,Default,False,False,False,Default,Default,Default,Default,Default,Default,Default,1,3,Default,1,Default,Default,Default,Default,Default,Default,16,3,253.8483 ns,460.1708 ns,25.2235 ns,387.25,76.19,0.0134,0.0000,0.0000,168 B
CorvusBundleInvalid,ShortRun,False,Default,Default,Default,Default,Default,Default,11111111111111111111,Empty,RyuJit,X64,8c5e7fda-e8bf-4a96-9a85-a6e23a8c635c,.NET 11.0,False,True,False,True,Default,Default,False,False,False,Default,Default,Default,Default,Default,Default,Default,1,3,Default,1,Default,Default,Default,Default,Default,Default,16,3,194.2290 ns,43.2924 ns,2.3730 ns,294.45,27.03,0.0134,0.0000,0.0000,168 B
