Method,Job,AnalyzeLaunchVariance,EvaluateOverhead,MaxAbsoluteError,MaxRelativeError,MinInvokeCount,MinIterationTime,OutlierMode,Affinity,EnvironmentVariables,Jit,Platform,PowerPlanMode,Runtime,AllowVeryLargeObjects,Concurrent,CpuGroups,Force,HeapAffinitizeMask,HeapCount,NoAffinitize,RetainVm,Server,Arguments,BuildConfiguration,Clock,EngineFactory,NuGetReferences,Toolchain,IsMutator,InvocationCount,IterationCount,IterationTime,LaunchCount,MaxIterationCount,MaxWarmupIterationCount,MemoryRandomization,MinIterationCount,MinWarmupIterationCount,RunStrategy,UnrollFactor,WarmupCount,Mean,Error,Ratio,Gen 0,Gen 1,Gen 2,Allocated
ExportSupportedBundle,Dry,False,Default,Default,Default,Default,Default,Default,11111111111111111111,Empty,RyuJit,X64,8c5e7fda-e8bf-4a96-9a85-a6e23a8c635c,.NET 11.0,False,True,False,True,Default,Default,False,False,True,Default,Default,Default,Default,Default,Default,Default,1,1,Default,1,Default,Default,Default,Default,Default,ColdStart,1,1,19.499 ms,NA,12.88,0.0000,0.0000,0.0000,95 KB
CompileCorvus,Dry,False,Default,Default,Default,Default,Default,Default,11111111111111111111,Empty,RyuJit,X64,8c5e7fda-e8bf-4a96-9a85-a6e23a8c635c,.NET 11.0,False,True,False,True,Default,Default,False,False,True,Default,Default,Default,Default,Default,Default,Default,1,1,Default,1,Default,Default,Default,Default,Default,ColdStart,1,1,1.514 ms,NA,1.00,0.0000,0.0000,0.0000,73 KB
LoadCorvusImage,Dry,False,Default,Default,Default,Default,Default,Default,11111111111111111111,Empty,RyuJit,X64,8c5e7fda-e8bf-4a96-9a85-a6e23a8c635c,.NET 11.0,False,True,False,True,Default,Default,False,False,True,Default,Default,Default,Default,Default,Default,Default,1,1,Default,1,Default,Default,Default,Default,Default,ColdStart,1,1,1.178 ms,NA,0.78,0.0000,0.0000,0.0000,53 KB
JsonSchemaNetNativeValid,Dry,False,Default,Default,Default,Default,Default,Default,11111111111111111111,Empty,RyuJit,X64,8c5e7fda-e8bf-4a96-9a85-a6e23a8c635c,.NET 11.0,False,True,False,True,Default,Default,False,False,True,Default,Default,Default,Default,Default,Default,Default,1,1,Default,1,Default,Default,Default,Default,Default,ColdStart,1,1,38.142 ms,NA,25.20,0.0000,0.0000,0.0000,18 KB
JsonSchemaNetNativeInvalid,Dry,False,Default,Default,Default,Default,Default,Default,11111111111111111111,Empty,RyuJit,X64,8c5e7fda-e8bf-4a96-9a85-a6e23a8c635c,.NET 11.0,False,True,False,True,Default,Default,False,False,True,Default,Default,Default,Default,Default,Default,Default,1,1,Default,1,Default,Default,Default,Default,Default,ColdStart,1,1,32.667 ms,NA,21.58,0.0000,0.0000,0.0000,16 KB
JsonSchemaNetBundleValid,Dry,False,Default,Default,Default,Default,Default,Default,11111111111111111111,Empty,RyuJit,X64,8c5e7fda-e8bf-4a96-9a85-a6e23a8c635c,.NET 11.0,False,True,False,True,Default,Default,False,False,True,Default,Default,Default,Default,Default,Default,Default,1,1,Default,1,Default,Default,Default,Default,Default,ColdStart,1,1,26.536 ms,NA,17.53,0.0000,0.0000,0.0000,20 KB
JsonSchemaNetBundleInvalid,Dry,False,Default,Default,Default,Default,Default,Default,11111111111111111111,Empty,RyuJit,X64,8c5e7fda-e8bf-4a96-9a85-a6e23a8c635c,.NET 11.0,False,True,False,True,Default,Default,False,False,True,Default,Default,Default,Default,Default,Default,Default,1,1,Default,1,Default,Default,Default,Default,Default,ColdStart,1,1,25.454 ms,NA,16.82,0.0000,0.0000,0.0000,19 KB
CorvusImageValid,Dry,False,Default,Default,Default,Default,Default,Default,11111111111111111111,Empty,RyuJit,X64,8c5e7fda-e8bf-4a96-9a85-a6e23a8c635c,.NET 11.0,False,True,False,True,Default,Default,False,False,True,Default,Default,Default,Default,Default,Default,Default,1,1,Default,1,Default,Default,Default,Default,Default,ColdStart,1,1,8.117 ms,NA,5.36,0.0000,0.0000,0.0000,1 KB
CorvusImageInvalid,Dry,False,Default,Default,Default,Default,Default,Default,11111111111111111111,Empty,RyuJit,X64,8c5e7fda-e8bf-4a96-9a85-a6e23a8c635c,.NET 11.0,False,True,False,True,Default,Default,False,False,True,Default,Default,Default,Default,Default,Default,Default,1,1,Default,1,Default,Default,Default,Default,Default,ColdStart,1,1,7.683 ms,NA,5.08,0.0000,0.0000,0.0000,1 KB
CorvusBindingValid,Dry,False,Default,Default,Default,Default,Default,Default,11111111111111111111,Empty,RyuJit,X64,8c5e7fda-e8bf-4a96-9a85-a6e23a8c635c,.NET 11.0,False,True,False,True,Default,Default,False,False,True,Default,Default,Default,Default,Default,Default,Default,1,1,Default,1,Default,Default,Default,Default,Default,ColdStart,1,1,9.581 ms,NA,6.33,0.0000,0.0000,0.0000,1 KB
